name,case
Abandoned Sarcophagus,commander
Abandoned Sarcophagus,duel
Abandoned Sarcophagus,gladiator
Abandoned Sarcophagus,historic
Abandoned Sarcophagus,legacy
Abandoned Sarcophagus,modern
Abandoned Sarcophagus,penny
Abandoned Sarcophagus,pioneer
Abandoned Sarcophagus,vintage
Abrade,commander
Abrade,duel
Abrade,gladiator
Abrade,historic
Abrade,legacy
Abrade,modern
Abrade,pauper
Abrade,pioneer
Abrade,vintage
Accursed Horde,commander
Accursed Horde,duel
Accursed Horde,legacy
Accursed Horde,modern
Accursed Horde,pioneer
Accursed Horde,vintage
Act of Heroism,commander
Act of Heroism,duel
Act of Heroism,legacy
Act of Heroism,modern
Act of Heroism,pauper
Act of Heroism,penny
Act of Heroism,pioneer
Act of Heroism,vintage
Adorned Pouncer,commander
Adorned Pouncer,duel
Adorned Pouncer,legacy
Adorned Pouncer,modern
Adorned Pouncer,penny
Adorned Pouncer,pioneer
Adorned Pouncer,vintage
Aerial Guide,commander
Aerial Guide,duel
Aerial Guide,gladiator
Aerial Guide,historic
Aerial Guide,legacy
Aerial Guide,modern
Aerial Guide,pauper
Aerial Guide,penny
Aerial Guide,pioneer
Aerial Guide,vintage
Ambuscade,commander
Ambuscade,duel
Ambuscade,legacy
Ambuscade,modern
Ambuscade,pauper
Ambuscade,penny
Ambuscade,pioneer
Ambuscade,vintage
Ammit Eternal,commander
Ammit Eternal,duel
Ammit Eternal,legacy
Ammit Eternal,modern
Ammit Eternal,penny
Ammit Eternal,pioneer
Ammit Eternal,vintage
Angel of Condemnation,commander
Angel of Condemnation,duel
Angel of Condemnation,legacy
Angel of Condemnation,modern
Angel of Condemnation,penny
Angel of Condemnation,pioneer
Angel of Condemnation,vintage
Angel of the God-Pharaoh,commander
Angel of the God-Pharaoh,duel
Angel of the God-Pharaoh,legacy
Angel of the God-Pharaoh,modern
Angel of the God-Pharaoh,penny
Angel of the God-Pharaoh,pioneer
Angel of the God-Pharaoh,vintage
Apocalypse Demon,commander
Apocalypse Demon,duel
Apocalypse Demon,legacy
Apocalypse Demon,modern
Apocalypse Demon,penny
Apocalypse Demon,pioneer
Apocalypse Demon,vintage
Appeal // Authority,commander
Appeal // Authority,duel
Appeal // Authority,gladiator
Appeal // Authority,historic
Appeal // Authority,legacy
Appeal // Authority,modern
Appeal // Authority,pioneer
Appeal // Authority,vintage
Aven Reedstalker,commander
Aven Reedstalker,duel
Aven Reedstalker,legacy
Aven Reedstalker,modern
Aven Reedstalker,pauper
Aven Reedstalker,penny
Aven Reedstalker,pioneer
Aven Reedstalker,vintage
Aven of Enduring Hope,commander
Aven of Enduring Hope,duel
Aven of Enduring Hope,gladiator
Aven of Enduring Hope,historic
Aven of Enduring Hope,legacy
Aven of Enduring Hope,modern
Aven of Enduring Hope,pauper
Aven of Enduring Hope,penny
Aven of Enduring Hope,pioneer
Aven of Enduring Hope,vintage
Avid Reclaimer,commander
Avid Reclaimer,duel
Avid Reclaimer,legacy
Avid Reclaimer,modern
Avid Reclaimer,pioneer
Avid Reclaimer,vintage
Banewhip Punisher,commander
Banewhip Punisher,duel
Banewhip Punisher,legacy
Banewhip Punisher,modern
Banewhip Punisher,penny
Banewhip Punisher,pioneer
Banewhip Punisher,vintage
Beneath the Sands,commander
Beneath the Sands,duel
Beneath the Sands,gladiator
Beneath the Sands,historic
Beneath the Sands,legacy
Beneath the Sands,modern
Beneath the Sands,pauper
Beneath the Sands,penny
Beneath the Sands,pioneer
Beneath the Sands,vintage
Bitterbow Sharpshooters,commander
Bitterbow Sharpshooters,duel
Bitterbow Sharpshooters,gladiator
Bitterbow Sharpshooters,historic
Bitterbow Sharpshooters,legacy
Bitterbow Sharpshooters,modern
Bitterbow Sharpshooters,pauper
Bitterbow Sharpshooters,penny
Bitterbow Sharpshooters,pioneer
Bitterbow Sharpshooters,vintage
Bloodwater Entity,commander
Bloodwater Entity,duel
Bloodwater Entity,legacy
Bloodwater Entity,modern
Bloodwater Entity,pioneer
Bloodwater Entity,vintage
Blur of Blades,commander
Blur of Blades,duel
Blur of Blades,gladiator
Blur of Blades,historic
Blur of Blades,legacy
Blur of Blades,modern
Blur of Blades,pauper
Blur of Blades,penny
Blur of Blades,pioneer
Blur of Blades,vintage
Bontu's Last Reckoning,commander
Bontu's Last Reckoning,duel
Bontu's Last Reckoning,gladiator
Bontu's Last Reckoning,historic
Bontu's Last Reckoning,legacy
Bontu's Last Reckoning,modern
Bontu's Last Reckoning,pioneer
Bontu's Last Reckoning,vintage
Brambleweft Behemoth,commander
Brambleweft Behemoth,duel
Brambleweft Behemoth,legacy
Brambleweft Behemoth,modern
Brambleweft Behemoth,pauper
Brambleweft Behemoth,pioneer
Brambleweft Behemoth,vintage
Burning-Fist Minotaur,commander
Burning-Fist Minotaur,duel
Burning-Fist Minotaur,gladiator
Burning-Fist Minotaur,historic
Burning-Fist Minotaur,legacy
Burning-Fist Minotaur,modern
Burning-Fist Minotaur,pioneer
Burning-Fist Minotaur,vintage
Carrion Screecher,commander
Carrion Screecher,duel
Carrion Screecher,legacy
Carrion Screecher,modern
Carrion Screecher,pauper
Carrion Screecher,penny
Carrion Screecher,pioneer
Carrion Screecher,vintage
Champion of Wits,commander
Champion of Wits,duel
Champion of Wits,gladiator
Champion of Wits,historic
Champion of Wits,legacy
Champion of Wits,modern
Champion of Wits,penny
Champion of Wits,pioneer
Champion of Wits,vintage
Chandra's Defeat,commander
Chandra's Defeat,duel
Chandra's Defeat,gladiator
Chandra's Defeat,historic
Chandra's Defeat,legacy
Chandra's Defeat,modern
Chandra's Defeat,pioneer
Chandra's Defeat,vintage
Chaos Maw,commander
Chaos Maw,duel
Chaos Maw,legacy
Chaos Maw,modern
Chaos Maw,penny
Chaos Maw,pioneer
Chaos Maw,vintage
Cinder Barrens,commander
Cinder Barrens,duel
Cinder Barrens,gladiator
Cinder Barrens,historic
Cinder Barrens,legacy
Cinder Barrens,modern
Cinder Barrens,pauper
Cinder Barrens,penny
Cinder Barrens,pioneer
Cinder Barrens,vintage
Claim // Fame,commander
Claim // Fame,duel
Claim // Fame,gladiator
Claim // Fame,historic
Claim // Fame,legacy
Claim // Fame,modern
Claim // Fame,pioneer
Claim // Fame,vintage
Consign // Oblivion,commander
Consign // Oblivion,duel
Consign // Oblivion,gladiator
Consign // Oblivion,historic
Consign // Oblivion,legacy
Consign // Oblivion,modern
Consign // Oblivion,penny
Consign // Oblivion,pioneer
Consign // Oblivion,vintage
Countervailing Winds,commander
Countervailing Winds,duel
Countervailing Winds,gladiator
Countervailing Winds,historic
Countervailing Winds,legacy
Countervailing Winds,modern
Countervailing Winds,pauper
Countervailing Winds,penny
Countervailing Winds,pioneer
Countervailing Winds,vintage
Crash Through,brawl
Crash Through,commander
Crash Through,duel
Crash Through,future
Crash Through,gladiator
Crash Through,historic
Crash Through,legacy
Crash Through,modern
Crash Through,pauper
Crash Through,penny
Crash Through,pioneer
Crash Through,standard
Crash Through,vintage
Crested Sunmare,commander
Crested Sunmare,duel
Crested Sunmare,gladiator
Crested Sunmare,historic
Crested Sunmare,legacy
Crested Sunmare,modern
Crested Sunmare,pioneer
Crested Sunmare,vintage
Crook of Condemnation,commander
Crook of Condemnation,duel
Crook of Condemnation,legacy
Crook of Condemnation,modern
Crook of Condemnation,pioneer
Crook of Condemnation,vintage
Crypt of the Eternals,commander
Crypt of the Eternals,duel
Crypt of the Eternals,gladiator
Crypt of the Eternals,historic
Crypt of the Eternals,legacy
Crypt of the Eternals,modern
Crypt of the Eternals,pioneer
Crypt of the Eternals,vintage
Cunning Survivor,commander
Cunning Survivor,duel
Cunning Survivor,legacy
Cunning Survivor,modern
Cunning Survivor,pauper
Cunning Survivor,pioneer
Cunning Survivor,vintage
Dagger of the Worthy,commander
Dagger of the Worthy,duel
Dagger of the Worthy,legacy
Dagger of the Worthy,modern
Dagger of the Worthy,pioneer
Dagger of the Worthy,vintage
Dauntless Aven,commander
Dauntless Aven,duel
Dauntless Aven,gladiator
Dauntless Aven,historic
Dauntless Aven,legacy
Dauntless Aven,modern
Dauntless Aven,pauper
Dauntless Aven,penny
Dauntless Aven,pioneer
Dauntless Aven,vintage
Defiant Khenra,commander
Defiant Khenra,duel
Defiant Khenra,legacy
Defiant Khenra,modern
Defiant Khenra,pauper
Defiant Khenra,penny
Defiant Khenra,pioneer
Defiant Khenra,vintage
Desert of the Fervent,commander
Desert of the Fervent,duel
Desert of the Fervent,gladiator
Desert of the Fervent,historic
Desert of the Fervent,legacy
Desert of the Fervent,modern
Desert of the Fervent,pauper
Desert of the Fervent,penny
Desert of the Fervent,pioneer
Desert of the Fervent,vintage
Desert of the Glorified,commander
Desert of the Glorified,duel
Desert of the Glorified,gladiator
Desert of the Glorified,historic
Desert of the Glorified,legacy
Desert of the Glorified,modern
Desert of the Glorified,pauper
Desert of the Glorified,pioneer
Desert of the Glorified,vintage
Desert of the Indomitable,commander
Desert of the Indomitable,duel
Desert of the Indomitable,gladiator
Desert of the Indomitable,historic
Desert of the Indomitable,legacy
Desert of the Indomitable,modern
Desert of the Indomitable,pauper
Desert of the Indomitable,penny
Desert of the Indomitable,pioneer
Desert of the Indomitable,vintage
Desert of the Mindful,commander
Desert of the Mindful,duel
Desert of the Mindful,gladiator
Desert of the Mindful,historic
Desert of the Mindful,legacy
Desert of the Mindful,modern
Desert of the Mindful,pauper
Desert of the Mindful,penny
Desert of the Mindful,pioneer
Desert of the Mindful,vintage
Desert of the True,commander
Desert of the True,duel
Desert of the True,gladiator
Desert of the True,historic
Desert of the True,legacy
Desert of the True,modern
Desert of the True,pauper
Desert of the True,penny
Desert of the True,pioneer
Desert of the True,vintage
Desert's Hold,commander
Desert's Hold,duel
Desert's Hold,gladiator
Desert's Hold,historic
Desert's Hold,legacy
Desert's Hold,modern
Desert's Hold,pioneer
Desert's Hold,vintage
Devotee of Strength,commander
Devotee of Strength,duel
Devotee of Strength,legacy
Devotee of Strength,modern
Devotee of Strength,pioneer
Devotee of Strength,vintage
Disposal Mummy,commander
Disposal Mummy,duel
Disposal Mummy,gladiator
Disposal Mummy,historic
Disposal Mummy,legacy
Disposal Mummy,modern
Disposal Mummy,pauper
Disposal Mummy,pioneer
Disposal Mummy,vintage
Djeru's Renunciation,commander
Djeru's Renunciation,duel
Djeru's Renunciation,legacy
Djeru's Renunciation,modern
Djeru's Renunciation,pauper
Djeru's Renunciation,penny
Djeru's Renunciation,pioneer
Djeru's Renunciation,vintage
"Djeru, With Eyes Open",commander
"Djeru, With Eyes Open",duel
"Djeru, With Eyes Open",legacy
"Djeru, With Eyes Open",modern
"Djeru, With Eyes Open",penny
"Djeru, With Eyes Open",pioneer
"Djeru, With Eyes Open",vintage
Doomfall,commander
Doomfall,duel
Doomfall,gladiator
Doomfall,historic
Doomfall,legacy
Doomfall,modern
Doomfall,pioneer
Doomfall,vintage
Dreamstealer,commander
Dreamstealer,duel
Dreamstealer,legacy
Dreamstealer,modern
Dreamstealer,penny
Dreamstealer,pioneer
Dreamstealer,vintage
Driven // Despair,commander
Driven // Despair,duel
Driven // Despair,gladiator
Driven // Despair,historic
Driven // Despair,legacy
Driven // Despair,modern
Driven // Despair,penny
Driven // Despair,pioneer
Driven // Despair,vintage
Dune Diviner,commander
Dune Diviner,duel
Dune Diviner,legacy
Dune Diviner,modern
Dune Diviner,pioneer
Dune Diviner,vintage
Dunes of the Dead,commander
Dunes of the Dead,duel
Dunes of the Dead,legacy
Dunes of the Dead,modern
Dunes of the Dead,pioneer
Dunes of the Dead,vintage
Dutiful Servants,commander
Dutiful Servants,duel
Dutiful Servants,legacy
Dutiful Servants,modern
Dutiful Servants,pauper
Dutiful Servants,pioneer
Dutiful Servants,vintage
Earthshaker Khenra,commander
Earthshaker Khenra,duel
Earthshaker Khenra,gladiator
Earthshaker Khenra,historic
Earthshaker Khenra,legacy
Earthshaker Khenra,modern
Earthshaker Khenra,penny
Earthshaker Khenra,pioneer
Earthshaker Khenra,vintage
Endless Sands,commander
Endless Sands,duel
Endless Sands,legacy
Endless Sands,modern
Endless Sands,penny
Endless Sands,pioneer
Endless Sands,vintage
Eternal of Harsh Truths,commander
Eternal of Harsh Truths,duel
Eternal of Harsh Truths,gladiator
Eternal of Harsh Truths,historic
Eternal of Harsh Truths,legacy
Eternal of Harsh Truths,modern
Eternal of Harsh Truths,pioneer
Eternal of Harsh Truths,vintage
Farm // Market,commander
Farm // Market,duel
Farm // Market,gladiator
Farm // Market,historic
Farm // Market,legacy
Farm // Market,modern
Farm // Market,pioneer
Farm // Market,vintage
Feral Prowler,commander
Feral Prowler,duel
Feral Prowler,gladiator
Feral Prowler,historic
Feral Prowler,legacy
Feral Prowler,modern
Feral Prowler,pauper
Feral Prowler,pioneer
Feral Prowler,vintage
Fervent Paincaster,commander
Fervent Paincaster,duel
Fervent Paincaster,gladiator
Fervent Paincaster,historic
Fervent Paincaster,legacy
Fervent Paincaster,modern
Fervent Paincaster,pioneer
Fervent Paincaster,vintage
Firebrand Archer,commander
Firebrand Archer,duel
Firebrand Archer,gladiator
Firebrand Archer,historic
Firebrand Archer,legacy
Firebrand Archer,modern
Firebrand Archer,pauper
Firebrand Archer,pioneer
Firebrand Archer,vintage
Forest,brawl
Forest,commander
Forest,duel
Forest,future
Forest,gladiator
Forest,historic
Forest,legacy
Forest,modern
Forest,pauper
Forest,penny
Forest,pioneer
Forest,premodern
Forest,standard
Forest,vintage
Fraying Sanity,commander
Fraying Sanity,duel
Fraying Sanity,legacy
Fraying Sanity,modern
Fraying Sanity,pioneer
Fraying Sanity,vintage
Frilled Sandwalla,commander
Frilled Sandwalla,duel
Frilled Sandwalla,gladiator
Frilled Sandwalla,historic
Frilled Sandwalla,legacy
Frilled Sandwalla,modern
Frilled Sandwalla,pauper
Frilled Sandwalla,penny
Frilled Sandwalla,pioneer
Frilled Sandwalla,vintage
Frontline Devastator,commander
Frontline Devastator,duel
Frontline Devastator,legacy
Frontline Devastator,modern
Frontline Devastator,pauper
Frontline Devastator,penny
Frontline Devastator,pioneer
Frontline Devastator,vintage
Gideon's Defeat,commander
Gideon's Defeat,duel
Gideon's Defeat,legacy
Gideon's Defeat,modern
Gideon's Defeat,pioneer
Gideon's Defeat,vintage
Gift of Strength,brawl
Gift of Strength,commander
Gift of Strength,duel
Gift of Strength,future
Gift of Strength,gladiator
Gift of Strength,historic
Gift of Strength,legacy
Gift of Strength,modern
Gift of Strength,pauper
Gift of Strength,penny
Gift of Strength,pioneer
Gift of Strength,standard
Gift of Strength,vintage
Gilded Cerodon,commander
Gilded Cerodon,duel
Gilded Cerodon,gladiator
Gilded Cerodon,historic
Gilded Cerodon,legacy
Gilded Cerodon,modern
Gilded Cerodon,pauper
Gilded Cerodon,penny
Gilded Cerodon,pioneer
Gilded Cerodon,vintage
God-Pharaoh's Faithful,commander
God-Pharaoh's Faithful,duel
God-Pharaoh's Faithful,legacy
God-Pharaoh's Faithful,modern
God-Pharaoh's Faithful,pauper
God-Pharaoh's Faithful,penny
God-Pharaoh's Faithful,pioneer
God-Pharaoh's Faithful,vintage
God-Pharaoh's Gift,commander
God-Pharaoh's Gift,duel
God-Pharaoh's Gift,gladiator
God-Pharaoh's Gift,historic
God-Pharaoh's Gift,legacy
God-Pharaoh's Gift,modern
God-Pharaoh's Gift,penny
God-Pharaoh's Gift,pioneer
God-Pharaoh's Gift,vintage
Granitic Titan,commander
Granitic Titan,duel
Granitic Titan,legacy
Granitic Titan,modern
Granitic Titan,pauper
Granitic Titan,pioneer
Granitic Titan,vintage
Graven Abomination,commander
Graven Abomination,duel
Graven Abomination,legacy
Graven Abomination,modern
Graven Abomination,pauper
Graven Abomination,penny
Graven Abomination,pioneer
Graven Abomination,vintage
Grind // Dust,commander
Grind // Dust,duel
Grind // Dust,gladiator
Grind // Dust,historic
Grind // Dust,legacy
Grind // Dust,modern
Grind // Dust,penny
Grind // Dust,pioneer
Grind // Dust,vintage
Grisly Survivor,commander
Grisly Survivor,duel
Grisly Survivor,legacy
Grisly Survivor,modern
Grisly Survivor,pauper
Grisly Survivor,penny
Grisly Survivor,pioneer
Grisly Survivor,vintage
Harrier Naga,commander
Harrier Naga,duel
Harrier Naga,legacy
Harrier Naga,modern
Harrier Naga,pauper
Harrier Naga,penny
Harrier Naga,pioneer
Harrier Naga,vintage
Hashep Oasis,commander
Hashep Oasis,duel
Hashep Oasis,gladiator
Hashep Oasis,historic
Hashep Oasis,legacy
Hashep Oasis,modern
Hashep Oasis,pioneer
Hashep Oasis,vintage
Hazoret's Undying Fury,commander
Hazoret's Undying Fury,duel
Hazoret's Undying Fury,legacy
Hazoret's Undying Fury,modern
Hazoret's Undying Fury,penny
Hazoret's Undying Fury,pioneer
Hazoret's Undying Fury,vintage
Hollow One,commander
Hollow One,duel
Hollow One,gladiator
Hollow One,historic
Hollow One,legacy
Hollow One,modern
Hollow One,pioneer
Hollow One,vintage
Hope Tender,commander
Hope Tender,duel
Hope Tender,gladiator
Hope Tender,historic
Hope Tender,legacy
Hope Tender,modern
Hope Tender,penny
Hope Tender,pioneer
Hope Tender,vintage
Hostile Desert,commander
Hostile Desert,duel
Hostile Desert,legacy
Hostile Desert,modern
Hostile Desert,penny
Hostile Desert,pioneer
Hostile Desert,vintage
Hour of Devastation,commander
Hour of Devastation,duel
Hour of Devastation,gladiator
Hour of Devastation,historic
Hour of Devastation,legacy
Hour of Devastation,modern
Hour of Devastation,penny
Hour of Devastation,pioneer
Hour of Devastation,vintage
Hour of Eternity,commander
Hour of Eternity,duel
Hour of Eternity,legacy
Hour of Eternity,modern
Hour of Eternity,penny
Hour of Eternity,pioneer
Hour of Eternity,vintage
Hour of Glory,commander
Hour of Glory,duel
Hour of Glory,legacy
Hour of Glory,modern
Hour of Glory,penny
Hour of Glory,pioneer
Hour of Glory,vintage
Hour of Promise,commander
Hour of Promise,duel
Hour of Promise,gladiator
Hour of Promise,historic
Hour of Promise,legacy
Hour of Promise,modern
Hour of Promise,pioneer
Hour of Promise,vintage
Hour of Revelation,commander
Hour of Revelation,duel
Hour of Revelation,gladiator
Hour of Revelation,historic
Hour of Revelation,legacy
Hour of Revelation,modern
Hour of Revelation,penny
Hour of Revelation,pioneer
Hour of Revelation,vintage
Ifnir Deadlands,commander
Ifnir Deadlands,duel
Ifnir Deadlands,gladiator
Ifnir Deadlands,historic
Ifnir Deadlands,legacy
Ifnir Deadlands,modern
Ifnir Deadlands,pioneer
Ifnir Deadlands,vintage
Imaginary Threats,commander
Imaginary Threats,duel
Imaginary Threats,legacy
Imaginary Threats,modern
Imaginary Threats,pioneer
Imaginary Threats,vintage
Imminent Doom,commander
Imminent Doom,duel
Imminent Doom,gladiator
Imminent Doom,historic
Imminent Doom,legacy
Imminent Doom,modern
Imminent Doom,penny
Imminent Doom,pioneer
Imminent Doom,vintage
Inferno Jet,commander
Inferno Jet,duel
Inferno Jet,legacy
Inferno Jet,modern
Inferno Jet,pioneer
Inferno Jet,vintage
Ipnu Rivulet,commander
Ipnu Rivulet,duel
Ipnu Rivulet,gladiator
Ipnu Rivulet,historic
Ipnu Rivulet,legacy
Ipnu Rivulet,modern
Ipnu Rivulet,pioneer
Ipnu Rivulet,vintage
Island,brawl
Island,commander
Island,duel
Island,future
Island,gladiator
Island,historic
Island,legacy
Island,modern
Island,pauper
Island,penny
Island,pioneer
Island,premodern
Island,standard
Island,vintage
Jace's Defeat,commander
Jace's Defeat,duel
Jace's Defeat,legacy
Jace's Defeat,modern
Jace's Defeat,pioneer
Jace's Defeat,vintage
Kefnet's Last Word,commander
Kefnet's Last Word,duel
Kefnet's Last Word,legacy
Kefnet's Last Word,modern
Kefnet's Last Word,penny
Kefnet's Last Word,pioneer
Kefnet's Last Word,vintage
Khenra Eternal,commander
Khenra Eternal,duel
Khenra Eternal,gladiator
Khenra Eternal,historic
Khenra Eternal,legacy
Khenra Eternal,modern
Khenra Eternal,pauper
Khenra Eternal,pioneer
Khenra Eternal,vintage
Khenra Scrapper,commander
Khenra Scrapper,duel
Khenra Scrapper,gladiator
Khenra Scrapper,historic
Khenra Scrapper,legacy
Khenra Scrapper,modern
Khenra Scrapper,pauper
Khenra Scrapper,penny
Khenra Scrapper,pioneer
Khenra Scrapper,vintage
Kindled Fury,commander
Kindled Fury,duel
Kindled Fury,legacy
Kindled Fury,modern
Kindled Fury,pauper
Kindled Fury,penny
Kindled Fury,pioneer
Kindled Fury,vintage
Leave // Chance,commander
Leave // Chance,duel
Leave // Chance,gladiator
Leave // Chance,historic
Leave // Chance,legacy
Leave // Chance,modern
Leave // Chance,penny
Leave // Chance,pioneer
Leave // Chance,vintage
Lethal Sting,commander
Lethal Sting,duel
Lethal Sting,gladiator
Lethal Sting,historic
Lethal Sting,legacy
Lethal Sting,modern
Lethal Sting,pauper
Lethal Sting,penny
Lethal Sting,pioneer
Lethal Sting,vintage
Life Goes On,brawl
Life Goes On,commander
Life Goes On,duel
Life Goes On,future
Life Goes On,gladiator
Life Goes On,historic
Life Goes On,legacy
Life Goes On,modern
Life Goes On,pauper
Life Goes On,penny
Life Goes On,pioneer
Life Goes On,standard
Life Goes On,vintage
Liliana's Defeat,commander
Liliana's Defeat,duel
Liliana's Defeat,gladiator
Liliana's Defeat,historic
Liliana's Defeat,legacy
Liliana's Defeat,modern
Liliana's Defeat,penny
Liliana's Defeat,pioneer
Liliana's Defeat,vintage
Lurching Rotbeast,commander
Lurching Rotbeast,duel
Lurching Rotbeast,legacy
Lurching Rotbeast,modern
Lurching Rotbeast,pauper
Lurching Rotbeast,penny
Lurching Rotbeast,pioneer
Lurching Rotbeast,vintage
Magmaroth,commander
Magmaroth,duel
Magmaroth,gladiator
Magmaroth,historic
Magmaroth,legacy
Magmaroth,modern
Magmaroth,penny
Magmaroth,pioneer
Magmaroth,vintage
Majestic Myriarch,commander
Majestic Myriarch,duel
Majestic Myriarch,gladiator
Majestic Myriarch,historic
Majestic Myriarch,legacy
Majestic Myriarch,modern
Majestic Myriarch,penny
Majestic Myriarch,pioneer
Majestic Myriarch,vintage
Manalith,commander
Manalith,duel
Manalith,gladiator
Manalith,historic
Manalith,legacy
Manalith,modern
Manalith,pauper
Manalith,penny
Manalith,pioneer
Manalith,vintage
Manticore Eternal,commander
Manticore Eternal,duel
Manticore Eternal,legacy
Manticore Eternal,modern
Manticore Eternal,pioneer
Manticore Eternal,vintage
Marauding Boneslasher,commander
Marauding Boneslasher,duel
Marauding Boneslasher,gladiator
Marauding Boneslasher,historic
Marauding Boneslasher,legacy
Marauding Boneslasher,modern
Marauding Boneslasher,pauper
Marauding Boneslasher,penny
Marauding Boneslasher,pioneer
Marauding Boneslasher,vintage
Merciless Eternal,commander
Merciless Eternal,duel
Merciless Eternal,legacy
Merciless Eternal,modern
Merciless Eternal,pioneer
Merciless Eternal,vintage
Mirage Mirror,commander
Mirage Mirror,duel
Mirage Mirror,gladiator
Mirage Mirror,historic
Mirage Mirror,legacy
Mirage Mirror,modern
Mirage Mirror,pioneer
Mirage Mirror,vintage
Moaning Wall,commander
Moaning Wall,duel
Moaning Wall,legacy
Moaning Wall,modern
Moaning Wall,pauper
Moaning Wall,penny
Moaning Wall,pioneer
Moaning Wall,vintage
Mountain,brawl
Mountain,commander
Mountain,duel
Mountain,future
Mountain,gladiator
Mountain,historic
Mountain,legacy
Mountain,modern
Mountain,pauper
Mountain,penny
Mountain,pioneer
Mountain,premodern
Mountain,standard
Mountain,vintage
Mummy Paramount,commander
Mummy Paramount,duel
Mummy Paramount,legacy
Mummy Paramount,modern
Mummy Paramount,pauper
Mummy Paramount,penny
Mummy Paramount,pioneer
Mummy Paramount,vintage
"Neheb, the Eternal",commander
"Neheb, the Eternal",duel
"Neheb, the Eternal",gladiator
"Neheb, the Eternal",historic
"Neheb, the Eternal",legacy
"Neheb, the Eternal",modern
"Neheb, the Eternal",pioneer
"Neheb, the Eternal",vintage
"Nicol Bolas, God-Pharaoh",commander
"Nicol Bolas, God-Pharaoh",duel
"Nicol Bolas, God-Pharaoh",gladiator
"Nicol Bolas, God-Pharaoh",historic
"Nicol Bolas, God-Pharaoh",legacy
"Nicol Bolas, God-Pharaoh",modern
"Nicol Bolas, God-Pharaoh",pioneer
"Nicol Bolas, God-Pharaoh",vintage
"Nicol Bolas, the Deceiver",commander
"Nicol Bolas, the Deceiver",duel
"Nicol Bolas, the Deceiver",legacy
"Nicol Bolas, the Deceiver",modern
"Nicol Bolas, the Deceiver",pioneer
"Nicol Bolas, the Deceiver",vintage
Nimble Obstructionist,commander
Nimble Obstructionist,duel
Nimble Obstructionist,gladiator
Nimble Obstructionist,historic
Nimble Obstructionist,legacy
Nimble Obstructionist,modern
Nimble Obstructionist,pioneer
Nimble Obstructionist,vintage
Nissa's Defeat,commander
Nissa's Defeat,duel
Nissa's Defeat,legacy
Nissa's Defeat,modern
Nissa's Defeat,pioneer
Nissa's Defeat,vintage
Nissa's Encouragement,commander
Nissa's Encouragement,duel
Nissa's Encouragement,legacy
Nissa's Encouragement,modern
Nissa's Encouragement,pioneer
Nissa's Encouragement,vintage
"Nissa, Genesis Mage",commander
"Nissa, Genesis Mage",duel
"Nissa, Genesis Mage",legacy
"Nissa, Genesis Mage",modern
"Nissa, Genesis Mage",pioneer
"Nissa, Genesis Mage",vintage
Oasis Ritualist,commander
Oasis Ritualist,duel
Oasis Ritualist,gladiator
Oasis Ritualist,historic
Oasis Ritualist,legacy
Oasis Ritualist,modern
Oasis Ritualist,pauper
Oasis Ritualist,penny
Oasis Ritualist,pioneer
Oasis Ritualist,vintage
Obelisk Spider,commander
Obelisk Spider,duel
Obelisk Spider,gladiator
Obelisk Spider,historic
Obelisk Spider,legacy
Obelisk Spider,modern
Obelisk Spider,pioneer
Obelisk Spider,vintage
Oketra's Avenger,commander
Oketra's Avenger,duel
Oketra's Avenger,gladiator
Oketra's Avenger,historic
Oketra's Avenger,legacy
Oketra's Avenger,modern
Oketra's Avenger,pauper
Oketra's Avenger,penny
Oketra's Avenger,pioneer
Oketra's Avenger,vintage
Oketra's Last Mercy,commander
Oketra's Last Mercy,duel
Oketra's Last Mercy,legacy
Oketra's Last Mercy,modern
Oketra's Last Mercy,penny
Oketra's Last Mercy,pioneer
Oketra's Last Mercy,vintage
Ominous Sphinx,commander
Ominous Sphinx,duel
Ominous Sphinx,gladiator
Ominous Sphinx,historic
Ominous Sphinx,legacy
Ominous Sphinx,modern
Ominous Sphinx,pioneer
Ominous Sphinx,vintage
Open Fire,commander
Open Fire,duel
Open Fire,gladiator
Open Fire,historic
Open Fire,legacy
Open Fire,modern
Open Fire,pauper
Open Fire,penny
Open Fire,pioneer
Open Fire,vintage
Overcome,commander
Overcome,duel
Overcome,gladiator
Overcome,historic
Overcome,legacy
Overcome,modern
Overcome,pioneer
Overcome,vintage
Overwhelming Splendor,commander
Overwhelming Splendor,duel
Overwhelming Splendor,gladiator
Overwhelming Splendor,historic
Overwhelming Splendor,legacy
Overwhelming Splendor,modern
Overwhelming Splendor,pioneer
Overwhelming Splendor,vintage
Plains,brawl
Plains,commander
Plains,duel
Plains,future
Plains,gladiator
Plains,historic
Plains,legacy
Plains,modern
Plains,pauper
Plains,penny
Plains,pioneer
Plains,premodern
Plains,standard
Plains,vintage
Pride Sovereign,commander
Pride Sovereign,duel
Pride Sovereign,gladiator
Pride Sovereign,historic
Pride Sovereign,legacy
Pride Sovereign,modern
Pride Sovereign,penny
Pride Sovereign,pioneer
Pride Sovereign,vintage
Proven Combatant,commander
Proven Combatant,duel
Proven Combatant,legacy
Proven Combatant,modern
Proven Combatant,pauper
Proven Combatant,penny
Proven Combatant,pioneer
Proven Combatant,vintage
Puncturing Blow,commander
Puncturing Blow,duel
Puncturing Blow,gladiator
Puncturing Blow,historic
Puncturing Blow,legacy
Puncturing Blow,modern
Puncturing Blow,pauper
Puncturing Blow,penny
Puncturing Blow,pioneer
Puncturing Blow,vintage
Quarry Beetle,commander
Quarry Beetle,duel
Quarry Beetle,legacy
Quarry Beetle,modern
Quarry Beetle,penny
Quarry Beetle,pioneer
Quarry Beetle,vintage
Rampaging Hippo,commander
Rampaging Hippo,duel
Rampaging Hippo,legacy
Rampaging Hippo,modern
Rampaging Hippo,pauper
Rampaging Hippo,pioneer
Rampaging Hippo,vintage
Ramunap Excavator,commander
Ramunap Excavator,duel
Ramunap Excavator,gladiator
Ramunap Excavator,historic
Ramunap Excavator,legacy
Ramunap Excavator,modern
Ramunap Excavator,penny
Ramunap Excavator,pioneer
Ramunap Excavator,vintage
Ramunap Hydra,commander
Ramunap Hydra,duel
Ramunap Hydra,legacy
Ramunap Hydra,modern
Ramunap Hydra,penny
Ramunap Hydra,pioneer
Ramunap Hydra,vintage
Ramunap Ruins,commander
Ramunap Ruins,duel
Ramunap Ruins,gladiator
Ramunap Ruins,historic
Ramunap Ruins,legacy
Ramunap Ruins,modern
Ramunap Ruins,pioneer
Ramunap Ruins,vintage
Razaketh's Rite,commander
Razaketh's Rite,duel
Razaketh's Rite,legacy
Razaketh's Rite,modern
Razaketh's Rite,pioneer
Razaketh's Rite,vintage
"Razaketh, the Foulblooded",commander
"Razaketh, the Foulblooded",duel
"Razaketh, the Foulblooded",gladiator
"Razaketh, the Foulblooded",historic
"Razaketh, the Foulblooded",legacy
"Razaketh, the Foulblooded",modern
"Razaketh, the Foulblooded",pioneer
"Razaketh, the Foulblooded",vintage
Reason // Believe,commander
Reason // Believe,duel
Reason // Believe,gladiator
Reason // Believe,historic
Reason // Believe,legacy
Reason // Believe,modern
Reason // Believe,penny
Reason // Believe,pioneer
Reason // Believe,vintage
Refuse // Cooperate,commander
Refuse // Cooperate,duel
Refuse // Cooperate,gladiator
Refuse // Cooperate,historic
Refuse // Cooperate,legacy
Refuse // Cooperate,modern
Refuse // Cooperate,penny
Refuse // Cooperate,pioneer
Refuse // Cooperate,vintage
Resilient Khenra,commander
Resilient Khenra,duel
Resilient Khenra,gladiator
Resilient Khenra,historic
Resilient Khenra,legacy
Resilient Khenra,modern
Resilient Khenra,penny
Resilient Khenra,pioneer
Resilient Khenra,vintage
Resolute Survivors,commander
Resolute Survivors,duel
Resolute Survivors,legacy
Resolute Survivors,modern
Resolute Survivors,pioneer
Resolute Survivors,vintage
Rhonas's Last Stand,commander
Rhonas's Last Stand,duel
Rhonas's Last Stand,legacy
Rhonas's Last Stand,modern
Rhonas's Last Stand,penny
Rhonas's Last Stand,pioneer
Rhonas's Last Stand,vintage
Rhonas's Stalwart,commander
Rhonas's Stalwart,duel
Rhonas's Stalwart,gladiator
Rhonas's Stalwart,historic
Rhonas's Stalwart,legacy
Rhonas's Stalwart,modern
Rhonas's Stalwart,pauper
Rhonas's Stalwart,penny
Rhonas's Stalwart,pioneer
Rhonas's Stalwart,vintage
Riddleform,brawl
Riddleform,commander
Riddleform,duel
Riddleform,future
Riddleform,gladiator
Riddleform,historic
Riddleform,legacy
Riddleform,modern
Riddleform,penny
Riddleform,pioneer
Riddleform,standard
Riddleform,vintage
River Hoopoe,commander
River Hoopoe,duel
River Hoopoe,gladiator
River Hoopoe,historic
River Hoopoe,legacy
River Hoopoe,modern
River Hoopoe,pioneer
River Hoopoe,vintage
Ruin Rat,commander
Ruin Rat,duel
Ruin Rat,legacy
Ruin Rat,modern
Ruin Rat,pauper
Ruin Rat,penny
Ruin Rat,pioneer
Ruin Rat,vintage
"Samut, the Tested",commander
"Samut, the Tested",duel
"Samut, the Tested",gladiator
"Samut, the Tested",historic
"Samut, the Tested",legacy
"Samut, the Tested",modern
"Samut, the Tested",penny
"Samut, the Tested",pioneer
"Samut, the Tested",vintage
Sand Strangler,commander
Sand Strangler,duel
Sand Strangler,gladiator
Sand Strangler,historic
Sand Strangler,legacy
Sand Strangler,modern
Sand Strangler,pioneer
Sand Strangler,vintage
Sandblast,commander
Sandblast,duel
Sandblast,legacy
Sandblast,modern
Sandblast,pauper
Sandblast,penny
Sandblast,pioneer
Sandblast,vintage
Saving Grace,commander
Saving Grace,duel
Saving Grace,legacy
Saving Grace,modern
Saving Grace,penny
Saving Grace,pioneer
Saving Grace,vintage
Scavenger Grounds,commander
Scavenger Grounds,duel
Scavenger Grounds,gladiator
Scavenger Grounds,historic
Scavenger Grounds,legacy
Scavenger Grounds,modern
Scavenger Grounds,pioneer
Scavenger Grounds,vintage
Scrounger of Souls,commander
Scrounger of Souls,duel
Scrounger of Souls,legacy
Scrounger of Souls,modern
Scrounger of Souls,pauper
Scrounger of Souls,penny
Scrounger of Souls,pioneer
Scrounger of Souls,vintage
Seer of the Last Tomorrow,commander
Seer of the Last Tomorrow,duel
Seer of the Last Tomorrow,gladiator
Seer of the Last Tomorrow,historic
Seer of the Last Tomorrow,legacy
Seer of the Last Tomorrow,modern
Seer of the Last Tomorrow,pauper
Seer of the Last Tomorrow,pioneer
Seer of the Last Tomorrow,vintage
Shefet Dunes,commander
Shefet Dunes,duel
Shefet Dunes,gladiator
Shefet Dunes,historic
Shefet Dunes,legacy
Shefet Dunes,modern
Shefet Dunes,pioneer
Shefet Dunes,vintage
Sidewinder Naga,commander
Sidewinder Naga,duel
Sidewinder Naga,gladiator
Sidewinder Naga,historic
Sidewinder Naga,legacy
Sidewinder Naga,modern
Sidewinder Naga,pauper
Sidewinder Naga,penny
Sidewinder Naga,pioneer
Sidewinder Naga,vintage
Sifter Wurm,commander
Sifter Wurm,duel
Sifter Wurm,gladiator
Sifter Wurm,historic
Sifter Wurm,legacy
Sifter Wurm,modern
Sifter Wurm,pioneer
Sifter Wurm,vintage
Sinuous Striker,commander
Sinuous Striker,duel
Sinuous Striker,legacy
Sinuous Striker,modern
Sinuous Striker,pioneer
Sinuous Striker,vintage
Solemnity,commander
Solemnity,duel
Solemnity,gladiator
Solemnity,historic
Solemnity,legacy
Solemnity,modern
Solemnity,pioneer
Solemnity,vintage
Solitary Camel,commander
Solitary Camel,duel
Solitary Camel,gladiator
Solitary Camel,historic
Solitary Camel,legacy
Solitary Camel,modern
Solitary Camel,pauper
Solitary Camel,pioneer
Solitary Camel,vintage
Spellweaver Eternal,commander
Spellweaver Eternal,duel
Spellweaver Eternal,gladiator
Spellweaver Eternal,historic
Spellweaver Eternal,legacy
Spellweaver Eternal,modern
Spellweaver Eternal,pauper
Spellweaver Eternal,pioneer
Spellweaver Eternal,vintage
Steadfast Sentinel,commander
Steadfast Sentinel,duel
Steadfast Sentinel,legacy
Steadfast Sentinel,modern
Steadfast Sentinel,pauper
Steadfast Sentinel,pioneer
Steadfast Sentinel,vintage
Steward of Solidarity,commander
Steward of Solidarity,duel
Steward of Solidarity,gladiator
Steward of Solidarity,historic
Steward of Solidarity,legacy
Steward of Solidarity,modern
Steward of Solidarity,pioneer
Steward of Solidarity,vintage
Strategic Planning,brawl
Strategic Planning,commander
Strategic Planning,duel
Strategic Planning,future
Strategic Planning,gladiator
Strategic Planning,historic
Strategic Planning,legacy
Strategic Planning,modern
Strategic Planning,pauper
Strategic Planning,penny
Strategic Planning,pioneer
Strategic Planning,standard
Strategic Planning,vintage
Striped Riverwinder,commander
Striped Riverwinder,duel
Striped Riverwinder,gladiator
Striped Riverwinder,historic
Striped Riverwinder,legacy
Striped Riverwinder,modern
Striped Riverwinder,pauper
Striped Riverwinder,penny
Striped Riverwinder,pioneer
Striped Riverwinder,vintage
Struggle // Survive,commander
Struggle // Survive,duel
Struggle // Survive,gladiator
Struggle // Survive,historic
Struggle // Survive,legacy
Struggle // Survive,modern
Struggle // Survive,pioneer
Struggle // Survive,vintage
Sunscourge Champion,commander
Sunscourge Champion,duel
Sunscourge Champion,gladiator
Sunscourge Champion,historic
Sunscourge Champion,legacy
Sunscourge Champion,modern
Sunscourge Champion,pioneer
Sunscourge Champion,vintage
Sunset Pyramid,commander
Sunset Pyramid,duel
Sunset Pyramid,gladiator
Sunset Pyramid,historic
Sunset Pyramid,legacy
Sunset Pyramid,modern
Sunset Pyramid,pioneer
Sunset Pyramid,vintage
Supreme Will,commander
Supreme Will,duel
Supreme Will,gladiator
Supreme Will,historic
Supreme Will,legacy
Supreme Will,modern
Supreme Will,penny
Supreme Will,pioneer
Supreme Will,vintage
Survivors' Encampment,commander
Survivors' Encampment,duel
Survivors' Encampment,legacy
Survivors' Encampment,modern
Survivors' Encampment,pauper
Survivors' Encampment,penny
Survivors' Encampment,pioneer
Survivors' Encampment,vintage
Swamp,brawl
Swamp,commander
Swamp,duel
Swamp,future
Swamp,gladiator
Swamp,historic
Swamp,legacy
Swamp,modern
Swamp,pauper
Swamp,penny
Swamp,pioneer
Swamp,premodern
Swamp,standard
Swamp,vintage
Swarm Intelligence,commander
Swarm Intelligence,duel
Swarm Intelligence,legacy
Swarm Intelligence,modern
Swarm Intelligence,penny
Swarm Intelligence,pioneer
Swarm Intelligence,vintage
Tenacious Hunter,commander
Tenacious Hunter,duel
Tenacious Hunter,legacy
Tenacious Hunter,modern
Tenacious Hunter,pioneer
Tenacious Hunter,vintage
The Locust God,commander
The Locust God,duel
The Locust God,gladiator
The Locust God,historic
The Locust God,legacy
The Locust God,modern
The Locust God,pioneer
The Locust God,vintage
The Scarab God,commander
The Scarab God,duel
The Scarab God,gladiator
The Scarab God,historic
The Scarab God,legacy
The Scarab God,modern
The Scarab God,pioneer
The Scarab God,vintage
The Scorpion God,commander
The Scorpion God,duel
The Scorpion God,gladiator
The Scorpion God,historic
The Scorpion God,legacy
The Scorpion God,modern
The Scorpion God,penny
The Scorpion God,pioneer
The Scorpion God,vintage
Thorned Moloch,commander
Thorned Moloch,duel
Thorned Moloch,gladiator
Thorned Moloch,historic
Thorned Moloch,legacy
Thorned Moloch,modern
Thorned Moloch,pauper
Thorned Moloch,penny
Thorned Moloch,pioneer
Thorned Moloch,vintage
Torment of Hailfire,commander
Torment of Hailfire,duel
Torment of Hailfire,gladiator
Torment of Hailfire,historic
Torment of Hailfire,legacy
Torment of Hailfire,modern
Torment of Hailfire,pioneer
Torment of Hailfire,vintage
Torment of Scarabs,commander
Torment of Scarabs,duel
Torment of Scarabs,legacy
Torment of Scarabs,modern
Torment of Scarabs,penny
Torment of Scarabs,pioneer
Torment of Scarabs,vintage
Torment of Venom,commander
Torment of Venom,duel
Torment of Venom,legacy
Torment of Venom,modern
Torment of Venom,pauper
Torment of Venom,penny
Torment of Venom,pioneer
Torment of Venom,vintage
Tragic Lesson,commander
Tragic Lesson,duel
Tragic Lesson,legacy
Tragic Lesson,modern
Tragic Lesson,pauper
Tragic Lesson,penny
Tragic Lesson,pioneer
Tragic Lesson,vintage
Traveler's Amulet,brawl
Traveler's Amulet,commander
Traveler's Amulet,duel
Traveler's Amulet,future
Traveler's Amulet,gladiator
Traveler's Amulet,historic
Traveler's Amulet,legacy
Traveler's Amulet,modern
Traveler's Amulet,pauper
Traveler's Amulet,penny
Traveler's Amulet,pioneer
Traveler's Amulet,standard
Traveler's Amulet,vintage
Uncage the Menagerie,commander
Uncage the Menagerie,duel
Uncage the Menagerie,legacy
Uncage the Menagerie,modern
Uncage the Menagerie,penny
Uncage the Menagerie,pioneer
Uncage the Menagerie,vintage
Unconventional Tactics,commander
Unconventional Tactics,duel
Unconventional Tactics,gladiator
Unconventional Tactics,historic
Unconventional Tactics,legacy
Unconventional Tactics,modern
Unconventional Tactics,pioneer
Unconventional Tactics,vintage
"Unesh, Criosphinx Sovereign",commander
"Unesh, Criosphinx Sovereign",duel
"Unesh, Criosphinx Sovereign",gladiator
"Unesh, Criosphinx Sovereign",historic
"Unesh, Criosphinx Sovereign",legacy
"Unesh, Criosphinx Sovereign",modern
"Unesh, Criosphinx Sovereign",penny
"Unesh, Criosphinx Sovereign",pioneer
"Unesh, Criosphinx Sovereign",vintage
Unquenchable Thirst,commander
Unquenchable Thirst,duel
Unquenchable Thirst,gladiator
Unquenchable Thirst,historic
Unquenchable Thirst,legacy
Unquenchable Thirst,modern
Unquenchable Thirst,pauper
Unquenchable Thirst,penny
Unquenchable Thirst,pioneer
Unquenchable Thirst,vintage
Unraveling Mummy,commander
Unraveling Mummy,duel
Unraveling Mummy,legacy
Unraveling Mummy,modern
Unraveling Mummy,pioneer
Unraveling Mummy,vintage
Unsummon,commander
Unsummon,duel
Unsummon,gladiator
Unsummon,historic
Unsummon,legacy
Unsummon,modern
Unsummon,pauper
Unsummon,penny
Unsummon,pioneer
Unsummon,premodern
Unsummon,vintage
Vile Manifestation,commander
Vile Manifestation,duel
Vile Manifestation,gladiator
Vile Manifestation,historic
Vile Manifestation,legacy
Vile Manifestation,modern
Vile Manifestation,pioneer
Vile Manifestation,vintage
Visage of Bolas,commander
Visage of Bolas,duel
Visage of Bolas,legacy
Visage of Bolas,modern
Visage of Bolas,pioneer
Visage of Bolas,vintage
Vizier of the Anointed,commander
Vizier of the Anointed,duel
Vizier of the Anointed,gladiator
Vizier of the Anointed,historic
Vizier of the Anointed,legacy
Vizier of the Anointed,modern
Vizier of the Anointed,pioneer
Vizier of the Anointed,vintage
Vizier of the True,commander
Vizier of the True,duel
Vizier of the True,legacy
Vizier of the True,modern
Vizier of the True,pioneer
Vizier of the True,vintage
Wall of Forgotten Pharaohs,commander
Wall of Forgotten Pharaohs,duel
Wall of Forgotten Pharaohs,gladiator
Wall of Forgotten Pharaohs,historic
Wall of Forgotten Pharaohs,legacy
Wall of Forgotten Pharaohs,modern
Wall of Forgotten Pharaohs,pauper
Wall of Forgotten Pharaohs,penny
Wall of Forgotten Pharaohs,pioneer
Wall of Forgotten Pharaohs,vintage
Wasp of the Bitter End,commander
Wasp of the Bitter End,duel
Wasp of the Bitter End,gladiator
Wasp of the Bitter End,historic
Wasp of the Bitter End,legacy
Wasp of the Bitter End,modern
Wasp of the Bitter End,pioneer
Wasp of the Bitter End,vintage
Wildfire Eternal,commander
Wildfire Eternal,duel
Wildfire Eternal,legacy
Wildfire Eternal,modern
Wildfire Eternal,penny
Wildfire Eternal,pioneer
Wildfire Eternal,vintage
Without Weakness,commander
Without Weakness,duel
Without Weakness,legacy
Without Weakness,modern
Without Weakness,pauper
Without Weakness,penny
Without Weakness,pioneer
Without Weakness,vintage
Woodland Stream,commander
Woodland Stream,duel
Woodland Stream,gladiator
Woodland Stream,historic
Woodland Stream,legacy
Woodland Stream,modern
Woodland Stream,pauper
Woodland Stream,penny
Woodland Stream,pioneer
Woodland Stream,vintage
Wretched Camel,commander
Wretched Camel,duel
Wretched Camel,legacy
Wretched Camel,modern
Wretched Camel,pauper
Wretched Camel,penny
Wretched Camel,pioneer
Wretched Camel,vintage
Zealot of the God-Pharaoh,commander
Zealot of the God-Pharaoh,duel
Zealot of the God-Pharaoh,gladiator
Zealot of the God-Pharaoh,historic
Zealot of the God-Pharaoh,legacy
Zealot of the God-Pharaoh,modern
Zealot of the God-Pharaoh,pauper
Zealot of the God-Pharaoh,pioneer
Zealot of the God-Pharaoh,vintage
